<?xml version="1.0" encoding="UTF-8"?>
<!--
  Licensed to the Apache Software Foundation (ASF) under one or more
  contributor license agreements.  See the NOTICE file distributed with
  this work for additional information regarding copyright ownership.
  The ASF licenses this file to You under the Apache License, Version 2.0
  (the "License"); you may not use this file except in compliance with
  the License.  You may obtain a copy of the License at

  http://www.apache.org/licenses/LICENSE-2.0

  Unless required by applicable law or agreed to in writing, software
  distributed under the License is distributed on an "AS IS" BASIS,
  WITHOUT WARRANTIES OR CONDITIONS OF ANY KIND, either express or implied.
  See the License for the specific language governing permissions and
  limitations under the License.
-->
<beans xmlns="http://www.springframework.org/schema/beans"
       xmlns:xsi="http://www.w3.org/2001/XMLSchema-instance"
       xsi:schemaLocation="
       http://www.springframework.org/schema/beans
       http://www.springframework.org/schema/beans/spring-beans-2.5.xsd
       http://camel.apache.org/schema/spring
       http://camel.apache.org/schema/spring/camel-spring.xsd">

   <bean id="artemisConnectionFactory" class="org.apache.activemq.artemis.jms.client.ActiveMQConnectionFactory">
      <constructor-arg index="0" value="tcp://localhost:61616"/>
   </bean>

   <bean id="artemisConfig" class="org.apache.camel.component.jms.JmsConfiguration">
      <property name="connectionFactory" ref="artemisConnectionFactory"/>
      <property name="concurrentConsumers" value="10"/>
   </bean>

   <bean id="artemis" class="org.apache.camel.component.jms.JmsComponent">
      <property name="configuration" ref="artemisConfig"/>
   </bean>

   <camelContext id="bridgeContext" trace="false" xmlns="http://camel.apache.org/schema/spring">
      <route id="exampleRoute">
         <from uri="artemis:queue:sausage-factory"/>
         <to uri="artemis:queue:mincing-machine"/>
      </route>
   </camelContext>
</beans>